Datetime,Water Level (m)
2025-05-23 00:00:00,0.2862721
2025-05-23 01:00:00,1.1051264
2025-05-23 02:00:00,1.6125224
2025-05-23 03:00:00,1.8437119
2025-05-23 04:00:00,1.7332758
2025-05-23 05:00:00,1.245341
2025-05-23 06:00:00,0.51559657
2025-05-23 07:00:00,-0.27892488
2025-05-23 08:00:00,-0.9773701
2025-05-23 09:00:00,-1.4735827
2025-05-23 10:00:00,-1.5560489
2025-05-23 11:00:00,-0.9834893
2025-05-23 12:00:00,-0.05676599
2025-05-23 13:00:00,0.84677494
2025-05-23 14:00:00,1.5197471
2025-05-23 15:00:00,1.829564
2025-05-23 16:00:00,1.7698982
2025-05-23 17:00:00,1.321208
2025-05-23 18:00:00,0.56486225
2025-05-23 19:00:00,-0.28061235
2025-05-23 20:00:00,-1.0640948
2025-05-23 21:00:00,-1.684167
2025-05-23 22:00:00,-1.9677242
2025-05-23 23:00:00,-1.5731487
2025-05-24 00:00:00,-0.5280667
2025-05-24 01:00:00,0.5513552
2025-05-24 02:00:00,1.5159279
2025-05-24 03:00:00,2.0553274
2025-05-24 04:00:00,2.2352521
2025-05-24 05:00:00,1.9932314
2025-05-24 06:00:00,1.3342148
2025-05-24 07:00:00,0.47252762
2025-05-24 08:00:00,-0.41867876
2025-05-24 09:00:00,-1.1980102
2025-05-24 10:00:00,-1.7395749
2025-05-24 11:00:00,-1.8258915
2025-05-24 12:00:00,-1.1324725
2025-05-24 13:00:00,-0.049176306
2025-05-24 14:00:00,0.9525794
2025-05-24 15:00:00,1.6865095
2025-05-24 16:00:00,1.9860896
2025-05-24 17:00:00,1.8803174
2025-05-24 18:00:00,1.352561
2025-05-24 19:00:00,0.5020904
2025-05-24 20:00:00,-0.4043992
2025-05-24 21:00:00,-1.2359191
2025-05-24 22:00:00,-1.8841059
2025-05-24 23:00:00,-2.1543767
2025-05-25 00:00:00,-1.6016351
2025-05-25 01:00:00,-0.3684232
2025-05-25 02:00:00,0.8222216
2025-05-25 03:00:00,1.8335581
2025-05-25 04:00:00,2.3551402
2025-05-25 05:00:00,2.4780965
2025-05-25 06:00:00,2.1367507
2025-05-25 07:00:00,1.3391193
2025-05-25 08:00:00,0.39557222
2025-05-25 09:00:00,-0.5425159
2025-05-25 10:00:00,-1.3485341
2025-05-25 11:00:00,-1.9014533
2025-05-25 12:00:00,-1.9195194
2025-05-25 13:00:00,-1.0094515
2025-05-25 14:00:00,0.15416126
2025-05-25 15:00:00,1.1755149
2025-05-25 16:00:00,1.8511761
2025-05-25 17:00:00,2.0860598
2025-05-25 18:00:00,1.8891983
2025-05-25 19:00:00,1.2509301
2025-05-25 20:00:00,0.34474626
2025-05-25 21:00:00,-0.59713954
2025-05-25 22:00:00,-1.4415841
2025-05-25 23:00:00,-2.072129
2025-05-26 00:00:00,-2.2154186
2025-05-26 01:00:00,-1.2893902
2025-05-26 02:00:00,0.040481463
2025-05-26 03:00:00,1.2487408
2025-05-26 04:00:00,2.1764805
2025-05-26 05:00:00,2.6312494
2025-05-26 06:00:00,2.6426187
2025-05-26 07:00:00,2.164974
2025-05-26 08:00:00,1.2697833
2025-05-26 09:00:00,0.2566972
2025-05-26 10:00:00,-0.72085035
2025-05-26 11:00:00,-1.5391463
2025-05-26 12:00:00,-2.0782256
2025-05-26 13:00:00,-1.9937214
2025-05-26 14:00:00,-0.889845
2025-05-26 15:00:00,0.30333468
2025-05-26 16:00:00,1.3465017
2025-05-26 17:00:00,1.9686129
2025-05-26 18:00:00,2.1248164
2025-05-26 19:00:00,1.8144544
2025-05-26 20:00:00,1.067222
2025-05-26 21:00:00,0.13581242
2025-05-26 22:00:00,-0.8083258
2025-05-26 23:00:00,-1.6343476
2025-05-27 00:00:00,-2.18661
2025-05-27 01:00:00,-2.1010537
2025-05-27 02:00:00,-0.9262057
2025-05-27 03:00:00,0.3797704
2025-05-27 04:00:00,1.6136439
2025-05-27 05:00:00,2.4576683
2025-05-27 06:00:00,2.8661225
2025-05-27 07:00:00,2.781921
2025-05-27 08:00:00,2.1346865
2025-05-27 09:00:00,1.1438725
2025-05-27 10:00:00,0.09093173
2025-05-27 11:00:00,-0.88058275
2025-05-27 12:00:00,-1.6733663
2025-05-27 13:00:00,-2.079855
2025-05-27 14:00:00,-1.6257793
2025-05-27 15:00:00,-0.37012854
2025-05-27 16:00:00,0.8115059
2025-05-27 17:00:00,1.8166608
2025-05-27 18:00:00,2.3280876
2025-05-27 19:00:00,2.4136994
2025-05-27 20:00:00,2.0612452
2025-05-27 21:00:00,1.2487495
2025-05-27 22:00:00,0.27761927
2025-05-27 23:00:00,-0.6672538
2025-05-28 00:00:00,-1.4233166
2025-05-28 01:00:00,-1.8038327
2025-05-28 02:00:00,-1.3435451
2025-05-28 03:00:00,-0.065008156
2025-05-28 04:00:00,1.2131395
2025-05-28 05:00:00,2.364715
2025-05-28 06:00:00,3.0955603
2025-05-28 07:00:00,3.3535016
2025-05-28 08:00:00,3.1321619
2025-05-28 09:00:00,2.4047816
2025-05-28 10:00:00,1.3659639
2025-05-28 11:00:00,0.35375676
2025-05-28 12:00:00,-0.49895766
2025-05-28 13:00:00,-1.1099615
2025-05-28 14:00:00,-1.3179874
2025-05-28 15:00:00,-0.7637978
2025-05-28 16:00:00,0.29926452
2025-05-28 17:00:00,1.2972455
2025-05-28 18:00:00,2.061381
2025-05-28 19:00:00,2.438043
2025-05-28 20:00:00,2.416816
2025-05-28 21:00:00,1.9247097
2025-05-28 22:00:00,1.0867677
2025-05-28 23:00:00,0.1621764
2025-05-29 00:00:00,-0.6929381
